Id,Con_name,Type_val,Target,Spf
1,Montane_aquatic,1,244.2625,10
2,Rock_faces,1,158.025,10
3,Montane_grassland,2,136.025,10
4,Montane_woodland,1,4919.6125,10
5,Montane_thicket,1,2055.7875,10
6,Montane_forest,2,70.025,10
8,Acacia_woodland,1,1356.1625,10
9,Acacia_thicket,1,2020.125,10
11,Floodplain_grassland,2,1752.95,10
12,Reed_beds,2,655.7,10
13,Riverine_thicket,2,589.375,10
14,Riverine_forest,2,442.7,10
18,Terminalia_woodland,1,1957.35,10
19,Woodland_on_red_sands,1,345.6,10
21,Sand_forest,2,388.075,10
30,Subsistence_agriculture,0,0,10
31,Commercial_agriculture,0,0,10
33,Open_water,1,356.675,10
105,F_splendens,3,2000,10
107,A_gigantica,3,2000,10
156,Vulture_nest,3,20,10
